{
  "Consultar Movimientos Cuenta": {
    "num_examples": 149,
    "avg_sentence_length": 8.087248322147651,
    "sentence_length_percentiles": {
      "10": 5.0,
      "25": 6.0,
      "50": 8.0,
      "75": 10.0,
      "90": 12.0
    },
    "sentence_length_kurtosis": -0.1612693130893561,
    "avg_word_length": 5.242323651452282,
    "word_length_percentiles": {
      "10": 2.0,
      "25": 2.0,
      "50": 4.0,
      "75": 7.0,
      "90": 11.0
    },
    "word_length_kurtosis": 3.772607497263147
  },
  "Consultar Transferencias Cuenta": {
    "num_examples": 101,
    "avg_sentence_length": 7.851485148514851,
    "sentence_length_percentiles": {
      "10": 5.0,
      "25": 6.0,
      "50": 7.0,
      "75": 9.0,
      "90": 11.0
    },
    "sentence_length_kurtosis": 5.781143479595208,
    "avg_word_length": 5.746532156368222,
    "word_length_percentiles": {
      "10": 2.0,
      "25": 3.0,
      "50": 5.0,
      "75": 8.0,
      "90": 14.0
    },
    "word_length_kurtosis": 0.2310901526447986
  },
  "Consultar SWIFT/BIC": {
    "num_examples": 121,
    "avg_sentence_length": 8.545454545454545,
    "sentence_length_percentiles": {
      "10": 5.0,
      "25": 7.0,
      "50": 8.0,
      "75": 10.0,
      "90": 11.0
    },
    "sentence_length_kurtosis": 3.2556885084174008,
    "avg_word_length": 4.731141199226306,
    "word_length_percentiles": {
      "10": 2.0,
      "25": 2.0,
      "50": 4.0,
      "75": 6.0,
      "90": 8.0
    },
    "word_length_kurtosis": 1.3417482774437284
  },
  "Saldo de Cuenta": {
    "num_examples": 152,
    "avg_sentence_length": 9.394736842105264,
    "sentence_length_percentiles": {
      "10": 4.100000000000001,
      "25": 6.0,
      "50": 8.0,
      "75": 12.0,
      "90": 15.900000000000006
    },
    "sentence_length_kurtosis": 1.5285165826398028,
    "avg_word_length": 4.2899159663865545,
    "word_length_percentiles": {
      "10": 2.0,
      "25": 2.0,
      "50": 4.0,
      "75": 6.0,
      "90": 8.0
    },
    "word_length_kurtosis": 3.3580688160227155
  },
  "Titulares Cuenta": {
    "num_examples": 106,
    "avg_sentence_length": 7.113207547169812,
    "sentence_length_percentiles": {
      "10": 5.0,
      "25": 6.0,
      "50": 7.0,
      "75": 8.0,
      "90": 9.0
    },
    "sentence_length_kurtosis": 0.5546348903776908,
    "avg_word_length": 4.888594164456234,
    "word_length_percentiles": {
      "10": 2.0,
      "25": 2.0,
      "50": 5.0,
      "75": 7.0,
      "90": 9.0
    },
    "word_length_kurtosis": -0.7717706097733301
  },
  "Comisiones Cuenta": {
    "num_examples": 114,
    "avg_sentence_length": 7.157894736842105,
    "sentence_length_percentiles": {
      "10": 5.0,
      "25": 6.0,
      "50": 7.0,
      "75": 8.0,
      "90": 9.0
    },
    "sentence_length_kurtosis": 0.3191340724525107,
    "avg_word_length": 5.177696078431373,
    "word_length_percentiles": {
      "10": 2.0,
      "25": 2.0,
      "50": 5.0,
      "75": 7.0,
      "90": 10.0
    },
    "word_length_kurtosis": -0.19100480050512525
  },
  "Justificante Transferencia": {
    "num_examples": 97,
    "avg_sentence_length": 7.793814432989691,
    "sentence_length_percentiles": {
      "10": 5.0,
      "25": 7.0,
      "50": 8.0,
      "75": 9.0,
      "90": 10.0
    },
    "sentence_length_kurtosis": 0.7374766478565209,
    "avg_word_length": 5.8201058201058204,
    "word_length_percentiles": {
      "10": 2.0,
      "25": 2.0,
      "50": 4.5,
      "75": 9.0,
      "90": 12.0
    },
    "word_length_kurtosis": -1.1671405525337553
  },
  "Contratar Cuenta": {
    "num_examples": 125,
    "avg_sentence_length": 6.336,
    "sentence_length_percentiles": {
      "10": 4.0,
      "25": 5.0,
      "50": 6.0,
      "75": 7.0,
      "90": 8.0
    },
    "sentence_length_kurtosis": -0.0463134331275592,
    "avg_word_length": 5.195707070707071,
    "word_length_percentiles": {
      "10": 2.0,
      "25": 3.0,
      "50": 5.0,
      "75": 6.0,
      "90": 9.0
    },
    "word_length_kurtosis": 0.1140948147529599
  },
  "None Intent": {
    "num_examples": 139,
    "avg_sentence_length": 5.071942446043166,
    "sentence_length_percentiles": {
      "10": 2.0,
      "25": 3.0,
      "50": 5.0,
      "75": 7.0,
      "90": 8.0
    },
    "sentence_length_kurtosis": 0.9480489294626278,
    "avg_word_length": 5.087943262411348,
    "word_length_percentiles": {
      "10": 2.0,
      "25": 2.0,
      "50": 5.0,
      "75": 7.0,
      "90": 9.0
    },
    "word_length_kurtosis": -0.047932877312507394
  }
}