{
  "Consultar SWIFT/BIC": 0.9638971090316772,
  "Saldo de Cuenta": 0.9702978730201721,
  "Titulares Cuenta": 0.9079299569129944,
  "Consultar Movimientos Cuenta": 0.9697449207305908,
  "Justificante Transferencia": 0.9791648387908936,
  "Consultar Transferencias Cuenta": 0.9712313413619995,
  "Contratar Cuenta": 0.9218845367431641,
  "Comisiones Cuenta": 0.9830726385116577,
  "None Intent": 0.9687243700027466
}