{
  "Consultar Movimientos Cuenta": {
    "num_examples": 149,
    "vocab_size": 226,
    "type_token_ratio": 0.187551867219917,
    "avg_sentence_length": 8.087248322147651,
    "sentence_length_percentiles": {
      "10": 5.0,
      "25": 6.0,
      "50": 8.0,
      "75": 10.0,
      "90": 12.0
    },
    "sentence_length_kurtosis": -0.1612693130893561,
    "sentence_length_99_percentile": 14.52000000000001,
    "avg_word_length": 5.242323651452282,
    "word_length_percentiles": {
      "10": 2.0,
      "25": 2.0,
      "50": 4.0,
      "75": 7.0,
      "90": 11.0
    },
    "word_length_kurtosis": 3.772607497263147,
    "avg_syllables_per_word": 2.051452282157676,
    "embedding_cohesion": 0.6775562763214111,
    "num_sentence_outliers": 2,
    "sentence_outlier_ratio": 0.013422818791946308,
    "num_word_outliers": 0,
    "word_outlier_ratio": 0.0
  },
  "Consultar Transferencias Cuenta": {
    "num_examples": 101,
    "vocab_size": 211,
    "type_token_ratio": 0.266078184110971,
    "avg_sentence_length": 7.851485148514851,
    "sentence_length_percentiles": {
      "10": 5.0,
      "25": 6.0,
      "50": 7.0,
      "75": 9.0,
      "90": 11.0
    },
    "sentence_length_kurtosis": 5.781143479595208,
    "sentence_length_99_percentile": 20.0,
    "avg_word_length": 5.746532156368222,
    "word_length_percentiles": {
      "10": 2.0,
      "25": 3.0,
      "50": 5.0,
      "75": 8.0,
      "90": 14.0
    },
    "word_length_kurtosis": 0.2310901526447986,
    "avg_syllables_per_word": 2.0151324085750315,
    "embedding_cohesion": 0.7464601397514343,
    "num_sentence_outliers": 1,
    "sentence_outlier_ratio": 0.009900990099009901,
    "num_word_outliers": 5,
    "word_outlier_ratio": 0.006305170239596469
  },
  "Consultar SWIFT/BIC": {
    "num_examples": 121,
    "vocab_size": 168,
    "type_token_ratio": 0.16247582205029013,
    "avg_sentence_length": 8.545454545454545,
    "sentence_length_percentiles": {
      "10": 5.0,
      "25": 7.0,
      "50": 8.0,
      "75": 10.0,
      "90": 11.0
    },
    "sentence_length_kurtosis": 3.2556885084174008,
    "sentence_length_99_percentile": 16.599999999999994,
    "avg_word_length": 4.731141199226306,
    "word_length_percentiles": {
      "10": 2.0,
      "25": 2.0,
      "50": 4.0,
      "75": 6.0,
      "90": 8.0
    },
    "word_length_kurtosis": 1.3417482774437284,
    "avg_syllables_per_word": 1.9032882011605416,
    "embedding_cohesion": 0.7526378631591797,
    "num_sentence_outliers": 2,
    "sentence_outlier_ratio": 0.01652892561983471,
    "num_word_outliers": 7,
    "word_outlier_ratio": 0.006769825918762089
  },
  "Saldo de Cuenta": {
    "num_examples": 152,
    "vocab_size": 235,
    "type_token_ratio": 0.1645658263305322,
    "avg_sentence_length": 9.394736842105264,
    "sentence_length_percentiles": {
      "10": 4.100000000000001,
      "25": 6.0,
      "50": 8.0,
      "75": 12.0,
      "90": 15.900000000000006
    },
    "sentence_length_kurtosis": 1.5285165826398028,
    "sentence_length_99_percentile": 20.960000000000036,
    "avg_word_length": 4.2899159663865545,
    "word_length_percentiles": {
      "10": 2.0,
      "25": 2.0,
      "50": 4.0,
      "75": 6.0,
      "90": 8.0
    },
    "word_length_kurtosis": 3.3580688160227155,
    "avg_syllables_per_word": 1.723389355742297,
    "embedding_cohesion": 0.7354579567909241,
    "num_sentence_outliers": 2,
    "sentence_outlier_ratio": 0.013157894736842105,
    "num_word_outliers": 9,
    "word_outlier_ratio": 0.0063025210084033615
  },
  "Titulares Cuenta": {
    "num_examples": 106,
    "vocab_size": 220,
    "type_token_ratio": 0.2917771883289125,
    "avg_sentence_length": 7.113207547169812,
    "sentence_length_percentiles": {
      "10": 5.0,
      "25": 6.0,
      "50": 7.0,
      "75": 8.0,
      "90": 9.0
    },
    "sentence_length_kurtosis": 0.5546348903776908,
    "sentence_length_99_percentile": 11.0,
    "avg_word_length": 4.888594164456234,
    "word_length_percentiles": {
      "10": 2.0,
      "25": 2.0,
      "50": 5.0,
      "75": 7.0,
      "90": 9.0
    },
    "word_length_kurtosis": -0.7717706097733301,
    "avg_syllables_per_word": 2.0782493368700266,
    "embedding_cohesion": 0.7369443774223328,
    "num_sentence_outliers": 1,
    "sentence_outlier_ratio": 0.009433962264150943,
    "num_word_outliers": 4,
    "word_outlier_ratio": 0.005305039787798408
  },
  "Comisiones Cuenta": {
    "num_examples": 114,
    "vocab_size": 201,
    "type_token_ratio": 0.24632352941176472,
    "avg_sentence_length": 7.157894736842105,
    "sentence_length_percentiles": {
      "10": 5.0,
      "25": 6.0,
      "50": 7.0,
      "75": 8.0,
      "90": 9.0
    },
    "sentence_length_kurtosis": 0.3191340724525107,
    "sentence_length_99_percentile": 10.870000000000005,
    "avg_word_length": 5.177696078431373,
    "word_length_percentiles": {
      "10": 2.0,
      "25": 2.0,
      "50": 5.0,
      "75": 7.0,
      "90": 10.0
    },
    "word_length_kurtosis": -0.19100480050512525,
    "avg_syllables_per_word": 2.0637254901960786,
    "embedding_cohesion": 0.735333263874054,
    "num_sentence_outliers": 2,
    "sentence_outlier_ratio": 0.017543859649122806,
    "num_word_outliers": 1,
    "word_outlier_ratio": 0.0012254901960784314
  },
  "Justificante Transferencia": {
    "num_examples": 97,
    "vocab_size": 185,
    "type_token_ratio": 0.2447089947089947,
    "avg_sentence_length": 7.793814432989691,
    "sentence_length_percentiles": {
      "10": 5.0,
      "25": 7.0,
      "50": 8.0,
      "75": 9.0,
      "90": 10.0
    },
    "sentence_length_kurtosis": 0.7374766478565209,
    "sentence_length_99_percentile": 13.0,
    "avg_word_length": 5.8201058201058204,
    "word_length_percentiles": {
      "10": 2.0,
      "25": 2.0,
      "50": 4.5,
      "75": 9.0,
      "90": 12.0
    },
    "word_length_kurtosis": -1.1671405525337553,
    "avg_syllables_per_word": 2.3002645502645502,
    "embedding_cohesion": 0.760281503200531,
    "num_sentence_outliers": 0,
    "sentence_outlier_ratio": 0.0,
    "num_word_outliers": 1,
    "word_outlier_ratio": 0.0013227513227513227
  },
  "Contratar Cuenta": {
    "num_examples": 125,
    "vocab_size": 189,
    "type_token_ratio": 0.23863636363636365,
    "avg_sentence_length": 6.336,
    "sentence_length_percentiles": {
      "10": 4.0,
      "25": 5.0,
      "50": 6.0,
      "75": 7.0,
      "90": 8.0
    },
    "sentence_length_kurtosis": -0.0463134331275592,
    "sentence_length_99_percentile": 10.760000000000005,
    "avg_word_length": 5.195707070707071,
    "word_length_percentiles": {
      "10": 2.0,
      "25": 3.0,
      "50": 5.0,
      "75": 6.0,
      "90": 9.0
    },
    "word_length_kurtosis": 0.1140948147529599,
    "avg_syllables_per_word": 2.148989898989899,
    "embedding_cohesion": 0.7701342701911926,
    "num_sentence_outliers": 2,
    "sentence_outlier_ratio": 0.016,
    "num_word_outliers": 7,
    "word_outlier_ratio": 0.008838383838383838
  },
  "None Intent": {
    "num_examples": 139,
    "vocab_size": 358,
    "type_token_ratio": 0.5078014184397163,
    "avg_sentence_length": 5.071942446043166,
    "sentence_length_percentiles": {
      "10": 2.0,
      "25": 3.0,
      "50": 5.0,
      "75": 7.0,
      "90": 8.0
    },
    "sentence_length_kurtosis": 0.9480489294626278,
    "sentence_length_99_percentile": 10.0,
    "avg_word_length": 5.087943262411348,
    "word_length_percentiles": {
      "10": 2.0,
      "25": 2.0,
      "50": 5.0,
      "75": 7.0,
      "90": 9.0
    },
    "word_length_kurtosis": -0.047932877312507394,
    "avg_syllables_per_word": 2.0936170212765957,
    "embedding_cohesion": 0.597166121006012,
    "num_sentence_outliers": 1,
    "sentence_outlier_ratio": 0.007194244604316547,
    "num_word_outliers": 3,
    "word_outlier_ratio": 0.00425531914893617
  }
}