entity,accuracy,support
Amount,0.8181818181818182,22
AmountOperator,0.8666666666666667,30
BalanceType,0.7920792079207921,101
FilterExpense,0.4222222222222222,45
FilterIncome,0.28888888888888886,45
OtherAccount,0.125,16
TransferType,0.42857142857142855,28
,1.0,713
micro,0.5923344947735192,1000
